,Year,value,indicator,Country Code,Country Name,Region,Income Group,Lending Type
0,2018,1.0,SE.ADT.1524.LT.FM.ZS,CHN,China,East Asia & Pacific,Upper middle income,IBRD
1,2018,0.9696400166,SE.ADT.1524.LT.FM.ZS,IND,India,South Asia,Lower middle income,IBRD
2,2017,0.8310899734,SE.ADT.1524.LT.FM.ZS,PAK,Pakistan,South Asia,Lower middle income,Blend
3,2015,1.0002900362,SE.ENR.PRIM.FM.ZS,AUS,Australia,East Asia & Pacific,High income,Not classified
4,2016,0.9997799993,SE.ENR.PRIM.FM.ZS,AUS,Australia,East Asia & Pacific,High income,Not classified
5,2017,0.9998999834000001,SE.ENR.PRIM.FM.ZS,AUS,Australia,East Asia & Pacific,High income,Not classified
6,2018,0.9989100099,SE.ENR.PRIM.FM.ZS,AUS,Australia,East Asia & Pacific,High income,Not classified
7,2015,1.0024600029,SE.ENR.PRIM.FM.ZS,CHN,China,East Asia & Pacific,Upper middle income,IBRD
8,2016,1.0050899982,SE.ENR.PRIM.FM.ZS,CHN,China,East Asia & Pacific,Upper middle income,IBRD
9,2017,1.0094799995,SE.ENR.PRIM.FM.ZS,CHN,China,East Asia & Pacific,Upper middle income,IBRD
10,2018,1.0113500357,SE.ENR.PRIM.FM.ZS,CHN,China,East Asia & Pacific,Upper middle income,IBRD
11,2019,1.0117199421,SE.ENR.PRIM.FM.ZS,CHN,China,East Asia & Pacific,Upper middle income,IBRD
12,2015,0.9937800169000001,SE.ENR.PRIM.FM.ZS,FRA,France,Europe & Central Asia,High income,Not classified
13,2016,0.994509995,SE.ENR.PRIM.FM.ZS,FRA,France,Europe & Central Asia,High income,Not classified
14,2017,0.9940699935,SE.ENR.PRIM.FM.ZS,FRA,France,Europe & Central Asia,High income,Not classified
15,2018,0.9945799708,SE.ENR.PRIM.FM.ZS,FRA,France,Europe & Central Asia,High income,Not classified
16,2015,0.9987300038,SE.ENR.PRIM.FM.ZS,DEU,Germany,Europe & Central Asia,High income,Not classified
17,2016,1.0002599955,SE.ENR.PRIM.FM.ZS,DEU,Germany,Europe & Central Asia,High income,Not classified
18,2017,1.0025700331,SE.ENR.PRIM.FM.ZS,DEU,Germany,Europe & Central Asia,High income,Not classified
19,2018,1.0072200298,SE.ENR.PRIM.FM.ZS,DEU,Germany,Europe & Central Asia,High income,Not classified
20,2015,1.1161799431,SE.ENR.PRIM.FM.ZS,IND,India,South Asia,Lower middle income,IBRD
21,2016,1.1610399485,SE.ENR.PRIM.FM.ZS,IND,India,South Asia,Lower middle income,IBRD
22,2017,1.1472500563,SE.ENR.PRIM.FM.ZS,IND,India,South Asia,Lower middle income,IBRD
23,2019,1.0195800066,SE.ENR.PRIM.FM.ZS,IND,India,South Asia,Lower middle income,IBRD
24,2015,0.9984700084,SE.ENR.PRIM.FM.ZS,KOR,"Korea, Rep.",East Asia & Pacific,High income,Not classified
25,2016,0.9984700084,SE.ENR.PRIM.FM.ZS,KOR,"Korea, Rep.",East Asia & Pacific,High income,Not classified
26,2017,0.9975399971000001,SE.ENR.PRIM.FM.ZS,KOR,"Korea, Rep.",East Asia & Pacific,High income,Not classified
27,2018,0.9982299805,SE.ENR.PRIM.FM.ZS,KOR,"Korea, Rep.",East Asia & Pacific,High income,Not classified
28,2015,0.8559299707,SE.ENR.PRIM.FM.ZS,PAK,Pakistan,South Asia,Lower middle income,Blend
29,2016,0.8539800048,SE.ENR.PRIM.FM.ZS,PAK,Pakistan,South Asia,Lower middle income,Blend
30,2017,0.8630099893000001,SE.ENR.PRIM.FM.ZS,PAK,Pakistan,South Asia,Lower middle income,Blend
31,2018,0.8444100022000001,SE.ENR.PRIM.FM.ZS,PAK,Pakistan,South Asia,Lower middle income,Blend
32,2019,0.8591499925,SE.ENR.PRIM.FM.ZS,PAK,Pakistan,South Asia,Lower middle income,Blend
33,2015,0.9997500181000001,SE.ENR.PRIM.FM.ZS,USA,United States,North America,High income,Not classified
34,2016,0.9983299971,SE.ENR.PRIM.FM.ZS,USA,United States,North America,High income,Not classified
35,2017,0.9923400283,SE.ENR.PRIM.FM.ZS,USA,United States,North America,High income,Not classified
36,2018,0.9988399744,SE.ENR.PRIM.FM.ZS,USA,United States,North America,High income,Not classified
37,2015,100.0,SE.PRM.CUAT.ZS,AUS,Australia,East Asia & Pacific,High income,Not classified
38,2017,99.7305908203,SE.PRM.CUAT.ZS,AUS,Australia,East Asia & Pacific,High income,Not classified
39,2018,99.6665267944,SE.PRM.CUAT.ZS,AUS,Australia,East Asia & Pacific,High income,Not classified
40,2015,97.5224227905,SE.PRM.CUAT.ZS,FRA,France,Europe & Central Asia,High income,Not classified
41,2016,97.6264724731,SE.PRM.CUAT.ZS,FRA,France,Europe & Central Asia,High income,Not classified
42,2017,97.5684661865,SE.PRM.CUAT.ZS,FRA,France,Europe & Central Asia,High income,Not classified
43,2015,100.0,SE.PRM.CUAT.ZS,DEU,Germany,Europe & Central Asia,High income,Not classified
44,2016,100.0,SE.PRM.CUAT.ZS,DEU,Germany,Europe & Central Asia,High income,Not classified
45,2018,100.0,SE.PRM.CUAT.ZS,DEU,Germany,Europe & Central Asia,High income,Not classified
46,2015,95.5062866211,SE.PRM.CUAT.ZS,KOR,"Korea, Rep.",East Asia & Pacific,High income,Not classified
47,2016,49.7312316895,SE.PRM.CUAT.ZS,PAK,Pakistan,South Asia,Lower middle income,Blend
48,2017,48.8252105713,SE.PRM.CUAT.ZS,PAK,Pakistan,South Asia,Lower middle income,Blend
49,2015,98.7738800049,SE.PRM.CUAT.ZS,USA,United States,North America,High income,Not classified
50,2016,98.8771133423,SE.PRM.CUAT.ZS,USA,United States,North America,High income,Not classified
51,2018,99.0315322876,SE.PRM.CUAT.ZS,USA,United States,North America,High income,Not classified
52,2015,58.69,SL.EMP.1524.SP.FE.ZS,AUS,Australia,East Asia & Pacific,High income,Not classified
53,2016,58.65,SL.EMP.1524.SP.FE.ZS,AUS,Australia,East Asia & Pacific,High income,Not classified
54,2017,58.5,SL.EMP.1524.SP.FE.ZS,AUS,Australia,East Asia & Pacific,High income,Not classified
55,2018,60.0,SL.EMP.1524.SP.FE.ZS,AUS,Australia,East Asia & Pacific,High income,Not classified
56,2019,60.38,SL.EMP.1524.SP.FE.ZS,AUS,Australia,East Asia & Pacific,High income,Not classified
57,2015,41.85,SL.EMP.1524.SP.FE.ZS,CHN,China,East Asia & Pacific,Upper middle income,IBRD
58,2016,40.8,SL.EMP.1524.SP.FE.ZS,CHN,China,East Asia & Pacific,Upper middle income,IBRD
59,2017,39.96,SL.EMP.1524.SP.FE.ZS,CHN,China,East Asia & Pacific,Upper middle income,IBRD
60,2018,39.26,SL.EMP.1524.SP.FE.ZS,CHN,China,East Asia & Pacific,Upper middle income,IBRD
61,2019,38.24,SL.EMP.1524.SP.FE.ZS,CHN,China,East Asia & Pacific,Upper middle income,IBRD
62,2015,26.19,SL.EMP.1524.SP.FE.ZS,FRA,France,Europe & Central Asia,High income,Not classified
63,2016,26.34,SL.EMP.1524.SP.FE.ZS,FRA,France,Europe & Central Asia,High income,Not classified
64,2017,26.86,SL.EMP.1524.SP.FE.ZS,FRA,France,Europe & Central Asia,High income,Not classified
65,2018,27.81,SL.EMP.1524.SP.FE.ZS,FRA,France,Europe & Central Asia,High income,Not classified
66,2019,28.28,SL.EMP.1524.SP.FE.ZS,FRA,France,Europe & Central Asia,High income,Not classified
67,2015,43.66,SL.EMP.1524.SP.FE.ZS,DEU,Germany,Europe & Central Asia,High income,Not classified
68,2016,44.24,SL.EMP.1524.SP.FE.ZS,DEU,Germany,Europe & Central Asia,High income,Not classified
69,2017,45.4,SL.EMP.1524.SP.FE.ZS,DEU,Germany,Europe & Central Asia,High income,Not classified
70,2018,45.41,SL.EMP.1524.SP.FE.ZS,DEU,Germany,Europe & Central Asia,High income,Not classified
71,2019,46.26,SL.EMP.1524.SP.FE.ZS,DEU,Germany,Europe & Central Asia,High income,Not classified
72,2015,9.29,SL.EMP.1524.SP.FE.ZS,IND,India,South Asia,Lower middle income,IBRD
73,2016,8.67,SL.EMP.1524.SP.FE.ZS,IND,India,South Asia,Lower middle income,IBRD
74,2017,8.13,SL.EMP.1524.SP.FE.ZS,IND,India,South Asia,Lower middle income,IBRD
75,2018,7.64,SL.EMP.1524.SP.FE.ZS,IND,India,South Asia,Lower middle income,IBRD
76,2019,7.42,SL.EMP.1524.SP.FE.ZS,IND,India,South Asia,Lower middle income,IBRD
77,2015,40.79,SL.EMP.1524.SP.FE.ZS,JPN,Japan,East Asia & Pacific,High income,Not classified
78,2016,42.57,SL.EMP.1524.SP.FE.ZS,JPN,Japan,East Asia & Pacific,High income,Not classified
79,2017,43.01,SL.EMP.1524.SP.FE.ZS,JPN,Japan,East Asia & Pacific,High income,Not classified
80,2018,46.68,SL.EMP.1524.SP.FE.ZS,JPN,Japan,East Asia & Pacific,High income,Not classified
81,2019,47.94,SL.EMP.1524.SP.FE.ZS,JPN,Japan,East Asia & Pacific,High income,Not classified
82,2015,27.99,SL.EMP.1524.SP.FE.ZS,KOR,"Korea, Rep.",East Asia & Pacific,High income,Not classified
83,2016,28.2,SL.EMP.1524.SP.FE.ZS,KOR,"Korea, Rep.",East Asia & Pacific,High income,Not classified
84,2017,28.17,SL.EMP.1524.SP.FE.ZS,KOR,"Korea, Rep.",East Asia & Pacific,High income,Not classified
85,2018,27.81,SL.EMP.1524.SP.FE.ZS,KOR,"Korea, Rep.",East Asia & Pacific,High income,Not classified
86,2019,27.21,SL.EMP.1524.SP.FE.ZS,KOR,"Korea, Rep.",East Asia & Pacific,High income,Not classified
87,2015,18.72,SL.EMP.1524.SP.FE.ZS,PAK,Pakistan,South Asia,Lower middle income,Blend
88,2016,18.13,SL.EMP.1524.SP.FE.ZS,PAK,Pakistan,South Asia,Lower middle income,Blend
89,2017,17.6,SL.EMP.1524.SP.FE.ZS,PAK,Pakistan,South Asia,Lower middle income,Blend
90,2018,17.09,SL.EMP.1524.SP.FE.ZS,PAK,Pakistan,South Asia,Lower middle income,Blend
91,2019,16.98,SL.EMP.1524.SP.FE.ZS,PAK,Pakistan,South Asia,Lower middle income,Blend
92,2015,44.95,SL.EMP.1524.SP.FE.ZS,USA,United States,North America,High income,Not classified
93,2016,45.79,SL.EMP.1524.SP.FE.ZS,USA,United States,North America,High income,Not classified
94,2017,47.08,SL.EMP.1524.SP.FE.ZS,USA,United States,North America,High income,Not classified
95,2018,47.42,SL.EMP.1524.SP.FE.ZS,USA,United States,North America,High income,Not classified
96,2019,47.92,SL.EMP.1524.SP.FE.ZS,USA,United States,North America,High income,Not classified
97,2015,453.0,SH.DTH.IMRT.FE,AUS,Australia,East Asia & Pacific,High income,Not classified
98,2016,446.0,SH.DTH.IMRT.FE,AUS,Australia,East Asia & Pacific,High income,Not classified
99,2017,440.0,SH.DTH.IMRT.FE,AUS,Australia,East Asia & Pacific,High income,Not classified
100,2018,435.0,SH.DTH.IMRT.FE,AUS,Australia,East Asia & Pacific,High income,Not classified
101,2019,430.0,SH.DTH.IMRT.FE,AUS,Australia,East Asia & Pacific,High income,Not classified
102,2015,69672.0,SH.DTH.IMRT.FE,CHN,China,East Asia & Pacific,Upper middle income,IBRD
103,2016,64159.0,SH.DTH.IMRT.FE,CHN,China,East Asia & Pacific,Upper middle income,IBRD
104,2017,58777.0,SH.DTH.IMRT.FE,CHN,China,East Asia & Pacific,Upper middle income,IBRD
105,2018,54042.0,SH.DTH.IMRT.FE,CHN,China,East Asia & Pacific,Upper middle income,IBRD
106,2019,49499.0,SH.DTH.IMRT.FE,CHN,China,East Asia & Pacific,Upper middle income,IBRD
107,2015,1162.0,SH.DTH.IMRT.FE,FRA,France,Europe & Central Asia,High income,Not classified
108,2016,1162.0,SH.DTH.IMRT.FE,FRA,France,Europe & Central Asia,High income,Not classified
109,2017,1172.0,SH.DTH.IMRT.FE,FRA,France,Europe & Central Asia,High income,Not classified
110,2018,1189.0,SH.DTH.IMRT.FE,FRA,France,Europe & Central Asia,High income,Not classified
111,2019,1205.0,SH.DTH.IMRT.FE,FRA,France,Europe & Central Asia,High income,Not classified
112,2015,1070.0,SH.DTH.IMRT.FE,DEU,Germany,Europe & Central Asia,High income,Not classified
113,2016,1090.0,SH.DTH.IMRT.FE,DEU,Germany,Europe & Central Asia,High income,Not classified
114,2017,1107.0,SH.DTH.IMRT.FE,DEU,Germany,Europe & Central Asia,High income,Not classified
115,2018,1117.0,SH.DTH.IMRT.FE,DEU,Germany,Europe & Central Asia,High income,Not classified
116,2019,1118.0,SH.DTH.IMRT.FE,DEU,Germany,Europe & Central Asia,High income,Not classified
117,2015,408725.0,SH.DTH.IMRT.FE,IND,India,South Asia,Lower middle income,IBRD
118,2016,383982.0,SH.DTH.IMRT.FE,IND,India,South Asia,Lower middle income,IBRD
119,2017,361415.0,SH.DTH.IMRT.FE,IND,India,South Asia,Lower middle income,IBRD
120,2018,341012.0,SH.DTH.IMRT.FE,IND,India,South Asia,Lower middle income,IBRD
121,2019,322490.0,SH.DTH.IMRT.FE,IND,India,South Asia,Lower middle income,IBRD
122,2015,955.0,SH.DTH.IMRT.FE,JPN,Japan,East Asia & Pacific,High income,Not classified
123,2016,910.0,SH.DTH.IMRT.FE,JPN,Japan,East Asia & Pacific,High income,Not classified
124,2017,863.0,SH.DTH.IMRT.FE,JPN,Japan,East Asia & Pacific,High income,Not classified
125,2018,820.0,SH.DTH.IMRT.FE,JPN,Japan,East Asia & Pacific,High income,Not classified
126,2019,779.0,SH.DTH.IMRT.FE,JPN,Japan,East Asia & Pacific,High income,Not classified
127,2015,564.0,SH.DTH.IMRT.FE,KOR,"Korea, Rep.",East Asia & Pacific,High income,Not classified
128,2016,532.0,SH.DTH.IMRT.FE,KOR,"Korea, Rep.",East Asia & Pacific,High income,Not classified
129,2017,501.0,SH.DTH.IMRT.FE,KOR,"Korea, Rep.",East Asia & Pacific,High income,Not classified
130,2018,474.0,SH.DTH.IMRT.FE,KOR,"Korea, Rep.",East Asia & Pacific,High income,Not classified
131,2019,451.0,SH.DTH.IMRT.FE,KOR,"Korea, Rep.",East Asia & Pacific,High income,Not classified
132,2015,154645.0,SH.DTH.IMRT.FE,PAK,Pakistan,South Asia,Lower middle income,Blend
133,2016,152492.0,SH.DTH.IMRT.FE,PAK,Pakistan,South Asia,Lower middle income,Blend
134,2017,150012.0,SH.DTH.IMRT.FE,PAK,Pakistan,South Asia,Lower middle income,Blend
135,2018,147151.0,SH.DTH.IMRT.FE,PAK,Pakistan,South Asia,Lower middle income,Blend
136,2019,143988.0,SH.DTH.IMRT.FE,PAK,Pakistan,South Asia,Lower middle income,Blend
137,2015,10105.0,SH.DTH.IMRT.FE,USA,United States,North America,High income,Not classified
138,2016,9979.0,SH.DTH.IMRT.FE,USA,United States,North America,High income,Not classified
139,2017,9884.0,SH.DTH.IMRT.FE,USA,United States,North America,High income,Not classified
140,2018,9787.0,SH.DTH.IMRT.FE,USA,United States,North America,High income,Not classified
141,2019,9678.0,SH.DTH.IMRT.FE,USA,United States,North America,High income,Not classified
142,2015,568.0,SH.DTH.IMRT.MA,AUS,Australia,East Asia & Pacific,High income,Not classified
143,2016,560.0,SH.DTH.IMRT.MA,AUS,Australia,East Asia & Pacific,High income,Not classified
144,2017,554.0,SH.DTH.IMRT.MA,AUS,Australia,East Asia & Pacific,High income,Not classified
145,2018,549.0,SH.DTH.IMRT.MA,AUS,Australia,East Asia & Pacific,High income,Not classified
146,2019,542.0,SH.DTH.IMRT.MA,AUS,Australia,East Asia & Pacific,High income,Not classified
147,2015,90929.0,SH.DTH.IMRT.MA,CHN,China,East Asia & Pacific,Upper middle income,IBRD
148,2016,83166.0,SH.DTH.IMRT.MA,CHN,China,East Asia & Pacific,Upper middle income,IBRD
149,2017,75962.0,SH.DTH.IMRT.MA,CHN,China,East Asia & Pacific,Upper middle income,IBRD
150,2018,69038.0,SH.DTH.IMRT.MA,CHN,China,East Asia & Pacific,Upper middle income,IBRD
151,2019,63096.0,SH.DTH.IMRT.MA,CHN,China,East Asia & Pacific,Upper middle income,IBRD
152,2015,1482.0,SH.DTH.IMRT.MA,FRA,France,Europe & Central Asia,High income,Not classified
153,2016,1479.0,SH.DTH.IMRT.MA,FRA,France,Europe & Central Asia,High income,Not classified
154,2017,1490.0,SH.DTH.IMRT.MA,FRA,France,Europe & Central Asia,High income,Not classified
155,2018,1512.0,SH.DTH.IMRT.MA,FRA,France,Europe & Central Asia,High income,Not classified
156,2019,1533.0,SH.DTH.IMRT.MA,FRA,France,Europe & Central Asia,High income,Not classified
157,2015,1331.0,SH.DTH.IMRT.MA,DEU,Germany,Europe & Central Asia,High income,Not classified
158,2016,1357.0,SH.DTH.IMRT.MA,DEU,Germany,Europe & Central Asia,High income,Not classified
159,2017,1380.0,SH.DTH.IMRT.MA,DEU,Germany,Europe & Central Asia,High income,Not classified
160,2018,1395.0,SH.DTH.IMRT.MA,DEU,Germany,Europe & Central Asia,High income,Not classified
161,2019,1399.0,SH.DTH.IMRT.MA,DEU,Germany,Europe & Central Asia,High income,Not classified
162,2015,442275.0,SH.DTH.IMRT.MA,IND,India,South Asia,Lower middle income,IBRD
163,2016,417596.0,SH.DTH.IMRT.MA,IND,India,South Asia,Lower middle income,IBRD
164,2017,395131.0,SH.DTH.IMRT.MA,IND,India,South Asia,Lower middle income,IBRD
165,2018,374519.0,SH.DTH.IMRT.MA,IND,India,South Asia,Lower middle income,IBRD
166,2019,356238.0,SH.DTH.IMRT.MA,IND,India,South Asia,Lower middle income,IBRD
167,2015,1113.0,SH.DTH.IMRT.MA,JPN,Japan,East Asia & Pacific,High income,Not classified
168,2016,1052.0,SH.DTH.IMRT.MA,JPN,Japan,East Asia & Pacific,High income,Not classified
169,2017,999.0,SH.DTH.IMRT.MA,JPN,Japan,East Asia & Pacific,High income,Not classified
170,2018,949.0,SH.DTH.IMRT.MA,JPN,Japan,East Asia & Pacific,High income,Not classified
171,2019,903.0,SH.DTH.IMRT.MA,JPN,Japan,East Asia & Pacific,High income,Not classified
172,2015,700.0,SH.DTH.IMRT.MA,KOR,"Korea, Rep.",East Asia & Pacific,High income,Not classified
173,2016,661.0,SH.DTH.IMRT.MA,KOR,"Korea, Rep.",East Asia & Pacific,High income,Not classified
174,2017,625.0,SH.DTH.IMRT.MA,KOR,"Korea, Rep.",East Asia & Pacific,High income,Not classified
175,2018,593.0,SH.DTH.IMRT.MA,KOR,"Korea, Rep.",East Asia & Pacific,High income,Not classified
176,2019,563.0,SH.DTH.IMRT.MA,KOR,"Korea, Rep.",East Asia & Pacific,High income,Not classified
177,2015,200640.0,SH.DTH.IMRT.MA,PAK,Pakistan,South Asia,Lower middle income,Blend
178,2016,198098.0,SH.DTH.IMRT.MA,PAK,Pakistan,South Asia,Lower middle income,Blend
179,2017,195090.0,SH.DTH.IMRT.MA,PAK,Pakistan,South Asia,Lower middle income,Blend
180,2018,191615.0,SH.DTH.IMRT.MA,PAK,Pakistan,South Asia,Lower middle income,Blend
181,2019,187606.0,SH.DTH.IMRT.MA,PAK,Pakistan,South Asia,Lower middle income,Blend
182,2015,12620.0,SH.DTH.IMRT.MA,USA,United States,North America,High income,Not classified
183,2016,12465.0,SH.DTH.IMRT.MA,USA,United States,North America,High income,Not classified
184,2017,12350.0,SH.DTH.IMRT.MA,USA,United States,North America,High income,Not classified
185,2018,12236.0,SH.DTH.IMRT.MA,USA,United States,North America,High income,Not classified
186,2019,12101.0,SH.DTH.IMRT.MA,USA,United States,North America,High income,Not classified
187,2015,1021.0,SH.DTH.IMRT,AUS,Australia,East Asia & Pacific,High income,Not classified
188,2016,1006.0,SH.DTH.IMRT,AUS,Australia,East Asia & Pacific,High income,Not classified
189,2017,994.0,SH.DTH.IMRT,AUS,Australia,East Asia & Pacific,High income,Not classified
190,2018,984.0,SH.DTH.IMRT,AUS,Australia,East Asia & Pacific,High income,Not classified
191,2019,972.0,SH.DTH.IMRT,AUS,Australia,East Asia & Pacific,High income,Not classified
192,2015,160601.0,SH.DTH.IMRT,CHN,China,East Asia & Pacific,Upper middle income,IBRD
193,2016,147325.0,SH.DTH.IMRT,CHN,China,East Asia & Pacific,Upper middle income,IBRD
194,2017,134739.0,SH.DTH.IMRT,CHN,China,East Asia & Pacific,Upper middle income,IBRD
195,2018,123080.0,SH.DTH.IMRT,CHN,China,East Asia & Pacific,Upper middle income,IBRD
196,2019,112595.0,SH.DTH.IMRT,CHN,China,East Asia & Pacific,Upper middle income,IBRD
197,2015,2644.0,SH.DTH.IMRT,FRA,France,Europe & Central Asia,High income,Not classified
198,2016,2641.0,SH.DTH.IMRT,FRA,France,Europe & Central Asia,High income,Not classified
199,2017,2662.0,SH.DTH.IMRT,FRA,France,Europe & Central Asia,High income,Not classified
200,2018,2701.0,SH.DTH.IMRT,FRA,France,Europe & Central Asia,High income,Not classified
201,2019,2738.0,SH.DTH.IMRT,FRA,France,Europe & Central Asia,High income,Not classified
202,2015,2401.0,SH.DTH.IMRT,DEU,Germany,Europe & Central Asia,High income,Not classified
203,2016,2447.0,SH.DTH.IMRT,DEU,Germany,Europe & Central Asia,High income,Not classified
204,2017,2487.0,SH.DTH.IMRT,DEU,Germany,Europe & Central Asia,High income,Not classified
205,2018,2512.0,SH.DTH.IMRT,DEU,Germany,Europe & Central Asia,High income,Not classified
206,2019,2517.0,SH.DTH.IMRT,DEU,Germany,Europe & Central Asia,High income,Not classified
207,2015,851000.0,SH.DTH.IMRT,IND,India,South Asia,Lower middle income,IBRD
208,2016,801578.0,SH.DTH.IMRT,IND,India,South Asia,Lower middle income,IBRD
209,2017,756546.0,SH.DTH.IMRT,IND,India,South Asia,Lower middle income,IBRD
210,2018,715531.0,SH.DTH.IMRT,IND,India,South Asia,Lower middle income,IBRD
211,2019,678728.0,SH.DTH.IMRT,IND,India,South Asia,Lower middle income,IBRD
212,2015,2068.0,SH.DTH.IMRT,JPN,Japan,East Asia & Pacific,High income,Not classified
213,2016,1962.0,SH.DTH.IMRT,JPN,Japan,East Asia & Pacific,High income,Not classified
214,2017,1862.0,SH.DTH.IMRT,JPN,Japan,East Asia & Pacific,High income,Not classified
215,2018,1769.0,SH.DTH.IMRT,JPN,Japan,East Asia & Pacific,High income,Not classified
216,2019,1682.0,SH.DTH.IMRT,JPN,Japan,East Asia & Pacific,High income,Not classified
217,2015,1264.0,SH.DTH.IMRT,KOR,"Korea, Rep.",East Asia & Pacific,High income,Not classified
218,2016,1193.0,SH.DTH.IMRT,KOR,"Korea, Rep.",East Asia & Pacific,High income,Not classified
219,2017,1126.0,SH.DTH.IMRT,KOR,"Korea, Rep.",East Asia & Pacific,High income,Not classified
220,2018,1067.0,SH.DTH.IMRT,KOR,"Korea, Rep.",East Asia & Pacific,High income,Not classified
221,2019,1014.0,SH.DTH.IMRT,KOR,"Korea, Rep.",East Asia & Pacific,High income,Not classified
222,2015,355285.0,SH.DTH.IMRT,PAK,Pakistan,South Asia,Lower middle income,Blend
223,2016,350590.0,SH.DTH.IMRT,PAK,Pakistan,South Asia,Lower middle income,Blend
224,2017,345102.0,SH.DTH.IMRT,PAK,Pakistan,South Asia,Lower middle income,Blend
225,2018,338766.0,SH.DTH.IMRT,PAK,Pakistan,South Asia,Lower middle income,Blend
226,2019,331594.0,SH.DTH.IMRT,PAK,Pakistan,South Asia,Lower middle income,Blend
227,2015,22725.0,SH.DTH.IMRT,USA,United States,North America,High income,Not classified
228,2016,22444.0,SH.DTH.IMRT,USA,United States,North America,High income,Not classified
229,2017,22234.0,SH.DTH.IMRT,USA,United States,North America,High income,Not classified
230,2018,22023.0,SH.DTH.IMRT,USA,United States,North America,High income,Not classified
231,2019,21779.0,SH.DTH.IMRT,USA,United States,North America,High income,Not classified
232,2018,5.90278,SG.TIM.UWRK.MA,CHN,China,East Asia & Pacific,Upper middle income,IBRD
233,2016,3.125,SG.TIM.UWRK.MA,JPN,Japan,East Asia & Pacific,High income,Not classified
234,2019,4.375,SG.TIM.UWRK.MA,KOR,"Korea, Rep.",East Asia & Pacific,High income,Not classified
235,2015,9.75,SG.TIM.UWRK.MA,USA,United States,North America,High income,Not classified
236,2016,9.79167,SG.TIM.UWRK.MA,USA,United States,North America,High income,Not classified
237,2017,9.875,SG.TIM.UWRK.MA,USA,United States,North America,High income,Not classified
238,2018,9.54167,SG.TIM.UWRK.MA,USA,United States,North America,High income,Not classified
239,2019,9.66667,SG.TIM.UWRK.MA,USA,United States,North America,High income,Not classified
240,2019,65.5,SG.AGE.RTRE.FL.FE,AUS,Australia,East Asia & Pacific,High income,Not classified
241,2020,65.5,SG.AGE.RTRE.FL.FE,AUS,Australia,East Asia & Pacific,High income,Not classified
242,2019,50.0,SG.AGE.RTRE.FL.FE,CHN,China,East Asia & Pacific,Upper middle income,IBRD
243,2020,50.0,SG.AGE.RTRE.FL.FE,CHN,China,East Asia & Pacific,Upper middle income,IBRD
244,2019,67.0,SG.AGE.RTRE.FL.FE,FRA,France,Europe & Central Asia,High income,Not classified
245,2020,67.0,SG.AGE.RTRE.FL.FE,FRA,France,Europe & Central Asia,High income,Not classified
246,2019,65.7,SG.AGE.RTRE.FL.FE,DEU,Germany,Europe & Central Asia,High income,Not classified
247,2020,65.8,SG.AGE.RTRE.FL.FE,DEU,Germany,Europe & Central Asia,High income,Not classified
248,2019,58.0,SG.AGE.RTRE.FL.FE,IND,India,South Asia,Lower middle income,IBRD
249,2020,58.0,SG.AGE.RTRE.FL.FE,IND,India,South Asia,Lower middle income,IBRD
250,2019,65.0,SG.AGE.RTRE.FL.FE,JPN,Japan,East Asia & Pacific,High income,Not classified
251,2020,65.0,SG.AGE.RTRE.FL.FE,JPN,Japan,East Asia & Pacific,High income,Not classified
252,2019,60.0,SG.AGE.RTRE.FL.FE,KOR,"Korea, Rep.",East Asia & Pacific,High income,Not classified
253,2020,60.0,SG.AGE.RTRE.FL.FE,KOR,"Korea, Rep.",East Asia & Pacific,High income,Not classified
254,2019,55.0,SG.AGE.RTRE.FL.FE,PAK,Pakistan,South Asia,Lower middle income,Blend
255,2020,55.0,SG.AGE.RTRE.FL.FE,PAK,Pakistan,South Asia,Lower middle income,Blend
256,2019,66.5,SG.AGE.RTRE.FL.FE,USA,United States,North America,High income,Not classified
257,2020,66.0,SG.AGE.RTRE.FL.FE,USA,United States,North America,High income,Not classified
258,2018,15.34722,SG.TIM.UWRK.FE,CHN,China,East Asia & Pacific,Upper middle income,IBRD
259,2016,15.13889,SG.TIM.UWRK.FE,JPN,Japan,East Asia & Pacific,High income,Not classified
260,2019,14.09722,SG.TIM.UWRK.FE,KOR,"Korea, Rep.",East Asia & Pacific,High income,Not classified
261,2015,15.875,SG.TIM.UWRK.FE,USA,United States,North America,High income,Not classified
262,2016,15.91667,SG.TIM.UWRK.FE,USA,United States,North America,High income,Not classified
263,2017,15.41667,SG.TIM.UWRK.FE,USA,United States,North America,High income,Not classified
264,2018,15.375,SG.TIM.UWRK.FE,USA,United States,North America,High income,Not classified
265,2019,15.33333,SG.TIM.UWRK.FE,USA,United States,North America,High income,Not classified
266,2019,65.5,SG.AGE.RTRE.FL.MA,AUS,Australia,East Asia & Pacific,High income,Not classified
267,2020,65.5,SG.AGE.RTRE.FL.MA,AUS,Australia,East Asia & Pacific,High income,Not classified
268,2019,60.0,SG.AGE.RTRE.FL.MA,CHN,China,East Asia & Pacific,Upper middle income,IBRD
269,2020,60.0,SG.AGE.RTRE.FL.MA,CHN,China,East Asia & Pacific,Upper middle income,IBRD
270,2019,67.0,SG.AGE.RTRE.FL.MA,FRA,France,Europe & Central Asia,High income,Not classified
271,2020,67.0,SG.AGE.RTRE.FL.MA,FRA,France,Europe & Central Asia,High income,Not classified
272,2019,65.7,SG.AGE.RTRE.FL.MA,DEU,Germany,Europe & Central Asia,High income,Not classified
273,2020,65.8,SG.AGE.RTRE.FL.MA,DEU,Germany,Europe & Central Asia,High income,Not classified
274,2019,58.0,SG.AGE.RTRE.FL.MA,IND,India,South Asia,Lower middle income,IBRD
275,2020,58.0,SG.AGE.RTRE.FL.MA,IND,India,South Asia,Lower middle income,IBRD
276,2019,65.0,SG.AGE.RTRE.FL.MA,JPN,Japan,East Asia & Pacific,High income,Not classified
277,2020,65.0,SG.AGE.RTRE.FL.MA,JPN,Japan,East Asia & Pacific,High income,Not classified
278,2019,60.0,SG.AGE.RTRE.FL.MA,KOR,"Korea, Rep.",East Asia & Pacific,High income,Not classified
279,2020,60.0,SG.AGE.RTRE.FL.MA,KOR,"Korea, Rep.",East Asia & Pacific,High income,Not classified
280,2019,60.0,SG.AGE.RTRE.FL.MA,PAK,Pakistan,South Asia,Lower middle income,Blend
281,2020,60.0,SG.AGE.RTRE.FL.MA,PAK,Pakistan,South Asia,Lower middle income,Blend
282,2019,66.5,SG.AGE.RTRE.FL.MA,USA,United States,North America,High income,Not classified
283,2020,66.0,SG.AGE.RTRE.FL.MA,USA,United States,North America,High income,Not classified
284,2015,4.5695574278999995,SH.DTH.COMM.ZS,AUS,Australia,East Asia & Pacific,High income,Not classified
285,2019,4.9410543219,SH.DTH.COMM.ZS,AUS,Australia,East Asia & Pacific,High income,Not classified
286,2015,4.1327971245,SH.DTH.COMM.ZS,CHN,China,East Asia & Pacific,Upper middle income,IBRD
287,2019,3.5497105578,SH.DTH.COMM.ZS,CHN,China,East Asia & Pacific,Upper middle income,IBRD
288,2015,6.5750258376,SH.DTH.COMM.ZS,FRA,France,Europe & Central Asia,High income,Not classified
289,2019,6.3680280364,SH.DTH.COMM.ZS,FRA,France,Europe & Central Asia,High income,Not classified
290,2015,5.0068230568,SH.DTH.COMM.ZS,DEU,Germany,Europe & Central Asia,High income,Not classified
291,2019,4.7599854164,SH.DTH.COMM.ZS,DEU,Germany,Europe & Central Asia,High income,Not classified
292,2015,28.2602532026,SH.DTH.COMM.ZS,IND,India,South Asia,Lower middle income,IBRD
293,2019,24.1661843666,SH.DTH.COMM.ZS,IND,India,South Asia,Lower middle income,IBRD
294,2015,13.1540299447,SH.DTH.COMM.ZS,JPN,Japan,East Asia & Pacific,High income,Not classified
295,2019,10.2966193961,SH.DTH.COMM.ZS,JPN,Japan,East Asia & Pacific,High income,Not classified
296,2015,9.7247509815,SH.DTH.COMM.ZS,KOR,"Korea, Rep.",East Asia & Pacific,High income,Not classified
297,2019,12.8287871493,SH.DTH.COMM.ZS,KOR,"Korea, Rep.",East Asia & Pacific,High income,Not classified
298,2015,35.8785239382,SH.DTH.COMM.ZS,PAK,Pakistan,South Asia,Lower middle income,Blend
299,2019,33.1479592293,SH.DTH.COMM.ZS,PAK,Pakistan,South Asia,Lower middle income,Blend
300,2015,5.6512033275,SH.DTH.COMM.ZS,USA,United States,North America,High income,Not classified
301,2019,5.3020598009,SH.DTH.COMM.ZS,USA,United States,North America,High income,Not classified
302,2015,1.0,SG.BUS.REGT.EQ,AUS,Australia,East Asia & Pacific,High income,Not classified
303,2016,1.0,SG.BUS.REGT.EQ,AUS,Australia,East Asia & Pacific,High income,Not classified
304,2017,1.0,SG.BUS.REGT.EQ,AUS,Australia,East Asia & Pacific,High income,Not classified
305,2018,1.0,SG.BUS.REGT.EQ,AUS,Australia,East Asia & Pacific,High income,Not classified
306,2019,1.0,SG.BUS.REGT.EQ,AUS,Australia,East Asia & Pacific,High income,Not classified
307,2020,1.0,SG.BUS.REGT.EQ,AUS,Australia,East Asia & Pacific,High income,Not classified
308,2015,1.0,SG.BUS.REGT.EQ,CHN,China,East Asia & Pacific,Upper middle income,IBRD
309,2016,1.0,SG.BUS.REGT.EQ,CHN,China,East Asia & Pacific,Upper middle income,IBRD
310,2017,1.0,SG.BUS.REGT.EQ,CHN,China,East Asia & Pacific,Upper middle income,IBRD
311,2018,1.0,SG.BUS.REGT.EQ,CHN,China,East Asia & Pacific,Upper middle income,IBRD
312,2019,1.0,SG.BUS.REGT.EQ,CHN,China,East Asia & Pacific,Upper middle income,IBRD
313,2020,1.0,SG.BUS.REGT.EQ,CHN,China,East Asia & Pacific,Upper middle income,IBRD
314,2015,1.0,SG.BUS.REGT.EQ,FRA,France,Europe & Central Asia,High income,Not classified
315,2016,1.0,SG.BUS.REGT.EQ,FRA,France,Europe & Central Asia,High income,Not classified
316,2017,1.0,SG.BUS.REGT.EQ,FRA,France,Europe & Central Asia,High income,Not classified
317,2018,1.0,SG.BUS.REGT.EQ,FRA,France,Europe & Central Asia,High income,Not classified
318,2019,1.0,SG.BUS.REGT.EQ,FRA,France,Europe & Central Asia,High income,Not classified
319,2020,1.0,SG.BUS.REGT.EQ,FRA,France,Europe & Central Asia,High income,Not classified
320,2015,1.0,SG.BUS.REGT.EQ,DEU,Germany,Europe & Central Asia,High income,Not classified
321,2016,1.0,SG.BUS.REGT.EQ,DEU,Germany,Europe & Central Asia,High income,Not classified
322,2017,1.0,SG.BUS.REGT.EQ,DEU,Germany,Europe & Central Asia,High income,Not classified
323,2018,1.0,SG.BUS.REGT.EQ,DEU,Germany,Europe & Central Asia,High income,Not classified
324,2019,1.0,SG.BUS.REGT.EQ,DEU,Germany,Europe & Central Asia,High income,Not classified
325,2020,1.0,SG.BUS.REGT.EQ,DEU,Germany,Europe & Central Asia,High income,Not classified
326,2015,1.0,SG.BUS.REGT.EQ,IND,India,South Asia,Lower middle income,IBRD
327,2016,1.0,SG.BUS.REGT.EQ,IND,India,South Asia,Lower middle income,IBRD
328,2017,1.0,SG.BUS.REGT.EQ,IND,India,South Asia,Lower middle income,IBRD
329,2018,1.0,SG.BUS.REGT.EQ,IND,India,South Asia,Lower middle income,IBRD
330,2019,1.0,SG.BUS.REGT.EQ,IND,India,South Asia,Lower middle income,IBRD
331,2020,1.0,SG.BUS.REGT.EQ,IND,India,South Asia,Lower middle income,IBRD
332,2015,1.0,SG.BUS.REGT.EQ,JPN,Japan,East Asia & Pacific,High income,Not classified
333,2016,1.0,SG.BUS.REGT.EQ,JPN,Japan,East Asia & Pacific,High income,Not classified
334,2017,1.0,SG.BUS.REGT.EQ,JPN,Japan,East Asia & Pacific,High income,Not classified
335,2018,1.0,SG.BUS.REGT.EQ,JPN,Japan,East Asia & Pacific,High income,Not classified
336,2019,1.0,SG.BUS.REGT.EQ,JPN,Japan,East Asia & Pacific,High income,Not classified
337,2020,1.0,SG.BUS.REGT.EQ,JPN,Japan,East Asia & Pacific,High income,Not classified
338,2015,1.0,SG.BUS.REGT.EQ,KOR,"Korea, Rep.",East Asia & Pacific,High income,Not classified
339,2016,1.0,SG.BUS.REGT.EQ,KOR,"Korea, Rep.",East Asia & Pacific,High income,Not classified
340,2017,1.0,SG.BUS.REGT.EQ,KOR,"Korea, Rep.",East Asia & Pacific,High income,Not classified
341,2018,1.0,SG.BUS.REGT.EQ,KOR,"Korea, Rep.",East Asia & Pacific,High income,Not classified
342,2019,1.0,SG.BUS.REGT.EQ,KOR,"Korea, Rep.",East Asia & Pacific,High income,Not classified
343,2020,1.0,SG.BUS.REGT.EQ,KOR,"Korea, Rep.",East Asia & Pacific,High income,Not classified
344,2015,0.0,SG.BUS.REGT.EQ,PAK,Pakistan,South Asia,Lower middle income,Blend
345,2016,0.0,SG.BUS.REGT.EQ,PAK,Pakistan,South Asia,Lower middle income,Blend
346,2017,0.0,SG.BUS.REGT.EQ,PAK,Pakistan,South Asia,Lower middle income,Blend
347,2018,0.0,SG.BUS.REGT.EQ,PAK,Pakistan,South Asia,Lower middle income,Blend
348,2019,0.0,SG.BUS.REGT.EQ,PAK,Pakistan,South Asia,Lower middle income,Blend
349,2020,1.0,SG.BUS.REGT.EQ,PAK,Pakistan,South Asia,Lower middle income,Blend
350,2015,1.0,SG.BUS.REGT.EQ,USA,United States,North America,High income,Not classified
351,2016,1.0,SG.BUS.REGT.EQ,USA,United States,North America,High income,Not classified
352,2017,1.0,SG.BUS.REGT.EQ,USA,United States,North America,High income,Not classified
353,2018,1.0,SG.BUS.REGT.EQ,USA,United States,North America,High income,Not classified
354,2019,1.0,SG.BUS.REGT.EQ,USA,United States,North America,High income,Not classified
355,2020,1.0,SG.BUS.REGT.EQ,USA,United States,North America,High income,Not classified
356,2018,95.1593322754,SE.ADT.LITR.FE.ZS,CHN,China,East Asia & Pacific,Upper middle income,IBRD
357,2018,65.7908096313,SE.ADT.LITR.FE.ZS,IND,India,South Asia,Lower middle income,IBRD
358,2017,46.4676704407,SE.ADT.LITR.FE.ZS,PAK,Pakistan,South Asia,Lower middle income,Blend
359,2018,98.4665374756,SE.ADT.LITR.MA.ZS,CHN,China,East Asia & Pacific,Upper middle income,IBRD
360,2018,82.3667068481,SE.ADT.LITR.MA.ZS,IND,India,South Asia,Lower middle income,IBRD
361,2017,71.1159973145,SE.ADT.LITR.MA.ZS,PAK,Pakistan,South Asia,Lower middle income,Blend
362,2015,58.21,SL.EMP.1524.SP.MA.ZS,AUS,Australia,East Asia & Pacific,High income,Not classified
363,2016,57.86,SL.EMP.1524.SP.MA.ZS,AUS,Australia,East Asia & Pacific,High income,Not classified
364,2017,57.98,SL.EMP.1524.SP.MA.ZS,AUS,Australia,East Asia & Pacific,High income,Not classified
365,2018,58.98,SL.EMP.1524.SP.MA.ZS,AUS,Australia,East Asia & Pacific,High income,Not classified
366,2019,58.9,SL.EMP.1524.SP.MA.ZS,AUS,Australia,East Asia & Pacific,High income,Not classified
367,2015,45.53,SL.EMP.1524.SP.MA.ZS,CHN,China,East Asia & Pacific,Upper middle income,IBRD
368,2016,44.61,SL.EMP.1524.SP.MA.ZS,CHN,China,East Asia & Pacific,Upper middle income,IBRD
369,2017,43.94,SL.EMP.1524.SP.MA.ZS,CHN,China,East Asia & Pacific,Upper middle income,IBRD
370,2018,43.46,SL.EMP.1524.SP.MA.ZS,CHN,China,East Asia & Pacific,Upper middle income,IBRD
371,2019,42.55,SL.EMP.1524.SP.MA.ZS,CHN,China,East Asia & Pacific,Upper middle income,IBRD
372,2015,30.44,SL.EMP.1524.SP.MA.ZS,FRA,France,Europe & Central Asia,High income,Not classified
373,2016,30.54,SL.EMP.1524.SP.MA.ZS,FRA,France,Europe & Central Asia,High income,Not classified
374,2017,31.76,SL.EMP.1524.SP.MA.ZS,FRA,France,Europe & Central Asia,High income,Not classified
375,2018,33.04,SL.EMP.1524.SP.MA.ZS,FRA,France,Europe & Central Asia,High income,Not classified
376,2019,32.17,SL.EMP.1524.SP.MA.ZS,FRA,France,Europe & Central Asia,High income,Not classified
377,2015,46.46,SL.EMP.1524.SP.MA.ZS,DEU,Germany,Europe & Central Asia,High income,Not classified
378,2016,46.89,SL.EMP.1524.SP.MA.ZS,DEU,Germany,Europe & Central Asia,High income,Not classified
379,2017,47.17,SL.EMP.1524.SP.MA.ZS,DEU,Germany,Europe & Central Asia,High income,Not classified
380,2018,48.61,SL.EMP.1524.SP.MA.ZS,DEU,Germany,Europe & Central Asia,High income,Not classified
381,2019,50.44,SL.EMP.1524.SP.MA.ZS,DEU,Germany,Europe & Central Asia,High income,Not classified
382,2015,36.46,SL.EMP.1524.SP.MA.ZS,IND,India,South Asia,Lower middle income,IBRD
383,2016,35.42,SL.EMP.1524.SP.MA.ZS,IND,India,South Asia,Lower middle income,IBRD
384,2017,34.45,SL.EMP.1524.SP.MA.ZS,IND,India,South Asia,Lower middle income,IBRD
385,2018,33.48,SL.EMP.1524.SP.MA.ZS,IND,India,South Asia,Lower middle income,IBRD
386,2019,32.76,SL.EMP.1524.SP.MA.ZS,IND,India,South Asia,Lower middle income,IBRD
387,2015,40.2,SL.EMP.1524.SP.MA.ZS,JPN,Japan,East Asia & Pacific,High income,Not classified
388,2016,41.84,SL.EMP.1524.SP.MA.ZS,JPN,Japan,East Asia & Pacific,High income,Not classified
389,2017,41.98,SL.EMP.1524.SP.MA.ZS,JPN,Japan,East Asia & Pacific,High income,Not classified
390,2018,44.73,SL.EMP.1524.SP.MA.ZS,JPN,Japan,East Asia & Pacific,High income,Not classified
391,2019,46.0,SL.EMP.1524.SP.MA.ZS,JPN,Japan,East Asia & Pacific,High income,Not classified
392,2015,23.57,SL.EMP.1524.SP.MA.ZS,KOR,"Korea, Rep.",East Asia & Pacific,High income,Not classified
393,2016,23.84,SL.EMP.1524.SP.MA.ZS,KOR,"Korea, Rep.",East Asia & Pacific,High income,Not classified
394,2017,23.78,SL.EMP.1524.SP.MA.ZS,KOR,"Korea, Rep.",East Asia & Pacific,High income,Not classified
395,2018,22.35,SL.EMP.1524.SP.MA.ZS,KOR,"Korea, Rep.",East Asia & Pacific,High income,Not classified
396,2019,23.62,SL.EMP.1524.SP.MA.ZS,KOR,"Korea, Rep.",East Asia & Pacific,High income,Not classified
397,2015,58.1,SL.EMP.1524.SP.MA.ZS,PAK,Pakistan,South Asia,Lower middle income,Blend
398,2016,58.09,SL.EMP.1524.SP.MA.ZS,PAK,Pakistan,South Asia,Lower middle income,Blend
399,2017,58.12,SL.EMP.1524.SP.MA.ZS,PAK,Pakistan,South Asia,Lower middle income,Blend
400,2018,58.15,SL.EMP.1524.SP.MA.ZS,PAK,Pakistan,South Asia,Lower middle income,Blend
401,2019,58.23,SL.EMP.1524.SP.MA.ZS,PAK,Pakistan,South Asia,Lower middle income,Blend
402,2015,45.81,SL.EMP.1524.SP.MA.ZS,USA,United States,North America,High income,Not classified
403,2016,46.95,SL.EMP.1524.SP.MA.ZS,USA,United States,North America,High income,Not classified
404,2017,47.8,SL.EMP.1524.SP.MA.ZS,USA,United States,North America,High income,Not classified
405,2018,47.48,SL.EMP.1524.SP.MA.ZS,USA,United States,North America,High income,Not classified
406,2019,48.13,SL.EMP.1524.SP.MA.ZS,USA,United States,North America,High income,Not classified
